donate,contact,purchase,gotv,event,poll,gatherinfo,learnmore,persuade,nogoals
donate,hassan,trump,vote,saturday,survey,sign,vote,vote,unhcr
help,tell,limited,early,rally,poll,add,paid,state,now
chip,www.onenationamerica.org,edition,voting,tickets,response,name,state,paid,poll
$,nation,proud,ballot,greet,take,petition,de,county,donate
now,3495,ðŸ‡ºðŸ‡¸,election,rsvp,exxonmobil,demand,district,district,trump
can,sen,patriots,november,meet,responses,marriage,representative,city,$
>,202-224-3324,2024,georgia,join,official,censorship,8th,8th,urgent
secure.actblue.com,inflation,claim,mail,pm,approve,>,candidate,8,ukraine
campaign,resort,flag,plan,ticket,missing,alliance,city,school,races
beto,reckless,dogs,8th,september,recycling,penn,8,representative,emergency
win,operas,hat,day,attention,approval,survivors,authorized,de,refugees
donation,onenationamerica.org,âœ”,make,trump,exxon,signatures,house,council,difference
race,prevention,ðŸ‘‰,tuesday,13570,exxchange,action,county,early,state-level
deadline,4589,free,find,secure.winred.com,mobil,now,la,police,america
need,dc,printed,person,arlington,corporation,greene,council,nov,across
defeat,french,ships,union,updates,respond,tell,y,candidate,update
today,spending,shirt,staceyabrams.com,october,commonally,act,police,plan,breaking
grassroots,s,confirm,october,joint,biden,biden,el,voted,country
democratic,maggie,extremely,return,>,president,moveon.org,union,local,help
goal,140,christmas,one,event,>,protect,voted,judge,close
